﻿<?xml version="1.0" encoding="UTF-8" standalone="yes"?>
<Picture>
	<PictureVariant name="85.png" screenDensity="bldpi" glyphWidth="56" glyphHeight="56"/>
	<PictureVariant name="100.png" screenDensity="ldpi" glyphWidth="64" glyphHeight="64"/>
	<PictureVariant name="125.png" screenDensity="aldpi" glyphWidth="80" glyphHeight="80"/>
	<PictureVariant name="150.png" screenDensity="mdpi" glyphWidth="96" glyphHeight="96"/>
	<PictureVariant name="175.png" screenDensity="amdpi" glyphWidth="112" glyphHeight="112"/>
	<PictureVariant name="200.png" screenDensity="hdpi" glyphWidth="128" glyphHeight="128"/>
	<PictureVariant name="300.png" screenDensity="xdpi" glyphWidth="192" glyphHeight="192"/>
	<PictureVariant name="400.png" screenDensity="udpi" glyphWidth="256" glyphHeight="256"/>
	<PictureVariant name="100.png" interfaceVariant="version8_2" screenDensity="ldpi" glyphWidth="64" glyphHeight="64"/>
	<PictureVariant name="100.png" interfaceVariant="version8_2_OrdinaryApp" screenDensity="ldpi" glyphWidth="64" glyphHeight="64"/>
</Picture>
